<?xml version="1.0" encoding="UTF-8"?>
<project-private xmlns="http://www.netbeans.org/ns/project-private/1">
    <editor-bookmarks xmlns="http://www.netbeans.org/ns/editor-bookmarks/2" lastBookmarkId="0"/>
    <open-files xmlns="http://www.netbeans.org/ns/projectui-open-files/2">
        <group>
            <file>file:/Users/sunilrudrakumar/Desktop/AED_Final_Fall_2022/RentalManagementSystem/src/userinterface/VehicleServiceManagement/VehicleServiceLoginJFrame.java</file>
            <file>file:/Users/sunilrudrakumar/Desktop/AED_Final_Fall_2022/RentalManagementSystem/src/userinterface/LaptopRental/CustomerLaptopRent.java</file>
            <file>file:/Users/sunilrudrakumar/Desktop/AED_Final_Fall_2022/RentalManagementSystem/src/userinterface/VehicleServiceManagement/ComplaintsJFrame.java</file>
            <file>file:/Users/sunilrudrakumar/Desktop/AED_Final_Fall_2022/RentalManagementSystem/src/userinterface/PhoneRental/PhoneManageJFrame.java</file>
            <file>file:/Users/sunilrudrakumar/Desktop/AED_Final_Fall_2022/RentalManagementSystem/src/userinterface/HomeLanding/HomeLanding.java</file>
            <file>file:/Users/sunilrudrakumar/Desktop/AED_Final_Fall_2022/RentalManagementSystem/src/userinterface/PhoneRental/CustomerPhoneRent.java</file>
            <file>file:/Users/sunilrudrakumar/Desktop/AED_Final_Fall_2022/RentalManagementSystem/src/userinterface/LaptopRental/CustomerLaptopComplain.java</file>
            <file>file:/Users/sunilrudrakumar/Desktop/AED_Final_Fall_2022/RentalManagementSystem/src/userinterface/Customers/CustomerLanding.java</file>
            <file>file:/Users/sunilrudrakumar/Desktop/AED_Final_Fall_2022/RentalManagementSystem/src/userinterface/PhoneRental/PhoneReturnJFrame.java</file>
            <file>file:/Users/sunilrudrakumar/Desktop/AED_Final_Fall_2022/RentalManagementSystem/src/userinterface/LaptopRental/LaptopRentJFrame.java</file>
            <file>file:/Users/sunilrudrakumar/Desktop/AED_Final_Fall_2022/RentalManagementSystem/src/userinterface/VehicleServiceManagement/ManageMechJFrame.java</file>
            <file>file:/Users/sunilrudrakumar/Desktop/AED_Final_Fall_2022/RentalManagementSystem/src/userinterface/LaptopRental/LaptopReturnJFrame.java</file>
            <file>file:/Users/sunilrudrakumar/Desktop/AED_Final_Fall_2022/RentalManagementSystem/src/userinterface/LaptopRental/LaptopManageJFrame.java</file>
            <file>file:/Users/sunilrudrakumar/Desktop/AED_Final_Fall_2022/RentalManagementSystem/src/userinterface/ElectricalServiceManagement/ComplaintsJFrame.java</file>
            <file>file:/Users/sunilrudrakumar/Desktop/AED_Final_Fall_2022/RentalManagementSystem/src/userinterface/Customers/CustomerSignUpJFrame.java</file>
            <file>file:/Users/sunilrudrakumar/Desktop/AED_Final_Fall_2022/RentalManagementSystem/src/userinterface/PhoneRental/PhoneRentJFrame.java</file>
            <file>file:/Users/sunilrudrakumar/Desktop/AED_Final_Fall_2022/RentalManagementSystem/src/userinterface/Customers/CustomerLoginJFrame.java</file>
        </group>
        <group>
            <file>file:/C:/Users/tejas/OneDrive/Desktop/FinalProject/AED_Final_Fall_2022/RentalManagementSystem/src/userinterface/HomeLanding/HomeLanding.java</file>
        </group>
    </open-files>
</project-private>
